SERIAL,1,3.82
SERIAL,2,4.46
PARALLEL,1,5.6
PARALLEL,2,4.03
G1,1,0.98
G1,2,0.81
ZGC,1,3.895209
ZGC,2,3.273583
SHENANDOAH,1,2.5097240000000003
SHENANDOAH,2,1.2129670000000001
