SHENANDOAH,1,2.420153
SHENANDOAH,2,1.6403219999999998
